#ypred	ypred_prob
1.0	[0.40307723 0.59692277]
1.0	[0.40751126 0.59248874]
1.0	[0.43387739 0.56612261]
1.0	[0.49659997 0.50340003]
0.0	[0.60093015 0.39906985]
1.0	[0.40391441 0.59608559]
1.0	[0.40974966 0.59025034]
1.0	[0.4058157 0.5941843]
1.0	[0.45400579 0.54599421]
0.0	[0.73317852 0.26682148]
1.0	[0.42160142 0.57839858]
1.0	[0.40187665 0.59812335]
0.0	[0.65938865 0.34061135]
1.0	[0.40990847 0.59009153]
1.0	[0.40708842 0.59291158]
0.0	[0.62918999 0.37081001]
0.0	[0.77692269 0.22307731]
1.0	[0.49629829 0.50370171]
0.0	[0.71846156 0.28153844]
0.0	[0.54943097 0.45056903]
1.0	[0.47295301 0.52704699]
1.0	[0.43533807 0.56466193]
1.0	[0.43119552 0.56880448]
0.0	[0.79624468 0.20375532]
0.0	[0.78027728 0.21972272]
1.0	[0.39930772 0.60069228]
0.0	[0.78656899 0.21343101]
0.0	[0.74524533 0.25475467]
1.0	[0.40238917 0.59761083]
1.0	[0.42798038 0.57201962]
0.0	[0.67193406 0.32806594]
0.0	[0.56372078 0.43627922]
0.0	[0.775859 0.224141]
0.0	[0.73868715 0.26131285]
0.0	[0.72293344 0.27706656]
0.0	[0.75296789 0.24703211]
0.0	[0.7009555 0.2990445]
0.0	[0.63905489 0.36094511]
0.0	[0.60541778 0.39458222]
1.0	[0.43154433 0.56845567]
1.0	[0.49570599 0.50429401]
1.0	[0.40628593 0.59371407]
0.0	[0.69828504 0.30171496]
0.0	[0.71064771 0.28935229]
1.0	[0.30052471 0.69947529]
0.0	[0.80315822 0.19684178]
0.0	[0.70934613 0.29065387]
0.0	[0.79965508 0.20034492]
0.0	[0.74652145 0.25347855]
1.0	[0.42757768 0.57242232]
1.0	[0.48812819 0.51187181]
0.0	[0.54551067 0.45448933]
1.0	[0.43364509 0.56635491]
1.0	[0.40602582 0.59397418]
0.0	[0.61127658 0.38872342]
0.0	[0.63791265 0.36208735]
0.0	[0.68399801 0.31600199]
0.0	[0.70313918 0.29686082]
0.0	[0.5689756 0.4310244]
0.0	[0.63709962 0.36290038]
0.0	[0.59333936 0.40666064]
0.0	[0.52016691 0.47983309]
1.0	[0.40712899 0.59287101]
0.0	[0.53521581 0.46478419]
0.0	[0.72425915 0.27574085]
1.0	[0.41953924 0.58046076]
1.0	[0.42720439 0.57279561]
1.0	[0.42496812 0.57503188]
0.0	[0.75020451 0.24979549]
0.0	[0.77898444 0.22101556]
0.0	[0.7347261 0.2652739]
0.0	[0.74379924 0.25620076]
0.0	[0.68101934 0.31898066]
0.0	[0.74343615 0.25656385]
0.0	[0.79416917 0.20583083]
0.0	[0.74733605 0.25266395]
1.0	[0.4088261 0.5911739]
0.0	[0.79829533 0.20170467]
0.0	[0.54135717 0.45864283]
0.0	[0.72784439 0.27215561]
0.0	[0.721496 0.278504]
0.0	[0.76803004 0.23196996]
0.0	[0.59882961 0.40117039]
0.0	[0.74637685 0.25362315]
0.0	[0.73808143 0.26191857]
0.0	[0.75208132 0.24791868]
0.0	[0.73289956 0.26710044]
1.0	[0.29414026 0.70585974]
0.0	[0.80026656 0.19973344]
1.0	[0.47739822 0.52260178]
0.0	[0.59188273 0.40811727]
0.0	[0.71471396 0.28528604]
0.0	[0.65867562 0.34132438]
1.0	[0.43522829 0.56477171]
0.0	[0.75083014 0.24916986]
0.0	[0.71410319 0.28589681]
0.0	[0.67327525 0.32672475]
0.0	[0.79243609 0.20756391]
0.0	[0.79191439 0.20808561]
0.0	[0.79087425 0.20912575]
0.0	[0.61550177 0.38449823]
0.0	[0.74496302 0.25503698]
0.0	[0.7861989 0.2138011]
0.0	[0.55898494 0.44101506]
0.0	[0.75133338 0.24866662]
0.0	[0.72721004 0.27278996]
0.0	[0.75706522 0.24293478]
0.0	[0.72201616 0.27798384]
0.0	[0.75350895 0.24649105]
0.0	[0.73614304 0.26385696]
0.0	[0.51696197 0.48303803]
0.0	[0.71810513 0.28189487]
0.0	[0.78549328 0.21450672]
0.0	[0.80506492 0.19493508]
1.0	[0.41830147 0.58169853]
0.0	[0.72982041 0.27017959]
0.0	[0.73187608 0.26812392]
0.0	[0.75328173 0.24671827]
0.0	[0.74475008 0.25524992]
0.0	[0.74166515 0.25833485]
0.0	[0.7548446 0.2451554]
0.0	[0.78751308 0.21248692]
0.0	[0.79278363 0.20721637]
0.0	[0.66791752 0.33208248]
0.0	[0.7894843 0.2105157]
1.0	[0.42781597 0.57218403]
0.0	[0.75470271 0.24529729]
0.0	[0.79885458 0.20114542]
1.0	[0.4188082 0.5811918]
0.0	[0.63481345 0.36518655]
0.0	[0.74264431 0.25735569]
1.0	[0.48257684 0.51742316]
0.0	[0.75658247 0.24341753]
0.0	[0.75754545 0.24245455]
0.0	[0.73343382 0.26656618]
0.0	[0.72396794 0.27603206]
0.0	[0.72441601 0.27558399]
0.0	[0.54632406 0.45367594]
0.0	[0.57040685 0.42959315]
0.0	[0.67953136 0.32046864]
0.0	[0.73585134 0.26414866]
0.0	[0.73615362 0.26384638]
0.0	[0.76364868 0.23635132]
0.0	[0.61946541 0.38053459]
1.0	[0.48234459 0.51765541]
1.0	[0.4935616 0.5064384]
0.0	[0.56324231 0.43675769]
1.0	[0.36317575 0.63682425]
1.0	[0.40655036 0.59344964]
0.0	[0.54355271 0.45644729]
0.0	[0.77772351 0.22227649]
0.0	[0.74456516 0.25543484]
0.0	[0.69711159 0.30288841]
0.0	[0.79892589 0.20107411]
0.0	[0.72477313 0.27522687]
0.0	[0.5761241 0.4238759]
1.0	[0.49738605 0.50261395]
0.0	[0.77983798 0.22016202]
0.0	[0.76011603 0.23988397]
0.0	[0.72849054 0.27150946]
0.0	[0.79447821 0.20552179]
0.0	[0.79825863 0.20174137]
0.0	[0.76950693 0.23049307]
0.0	[0.53778353 0.46221647]
0.0	[0.77309823 0.22690177]
0.0	[0.70207914 0.29792086]
0.0	[0.75999797 0.24000203]
0.0	[0.78907625 0.21092375]
0.0	[0.75850823 0.24149177]
0.0	[0.79799239 0.20200761]
0.0	[0.68728966 0.31271034]
0.0	[0.57208475 0.42791525]
0.0	[0.5864183 0.4135817]
0.0	[0.50408168 0.49591832]
1.0	[0.42309627 0.57690373]
0.0	[0.69508377 0.30491623]
0.0	[0.58322617 0.41677383]
0.0	[0.6836093 0.3163907]
0.0	[0.53153928 0.46846072]
1.0	[0.47219106 0.52780894]
0.0	[0.7369838 0.2630162]
0.0	[0.79398479 0.20601521]
0.0	[0.69142204 0.30857796]
0.0	[0.77069256 0.22930744]
0.0	[0.74861349 0.25138651]
0.0	[0.79363863 0.20636137]
0.0	[0.76362862 0.23637138]
0.0	[0.68286295 0.31713705]
0.0	[0.76294478 0.23705522]
0.0	[0.75194165 0.24805835]
0.0	[0.70198779 0.29801221]
0.0	[0.74209929 0.25790071]
0.0	[0.7464723 0.2535277]
0.0	[0.7235587 0.2764413]
0.0	[0.73434681 0.26565319]
0.0	[0.72278592 0.27721408]
0.0	[0.72399 0.27601]
0.0	[0.79372949 0.20627051]
0.0	[0.72026409 0.27973591]
0.0	[0.74359265 0.25640735]
0.0	[0.7231976 0.2768024]
0.0	[0.74179628 0.25820372]
0.0	[0.78482442 0.21517558]
0.0	[0.63576272 0.36423728]
1.0	[0.42988037 0.57011963]
1.0	[0.47644449 0.52355551]
0.0	[0.64629106 0.35370894]
0.0	[0.6231374 0.3768626]
0.0	[0.59520394 0.40479606]
1.0	[0.4198959 0.5801041]
1.0	[0.41082291 0.58917709]
0.0	[0.51691299 0.48308701]
0.0	[0.59056264 0.40943736]
1.0	[0.47509288 0.52490712]
0.0	[0.51611144 0.48388856]
0.0	[0.70930549 0.29069451]
0.0	[0.7871731 0.2128269]
0.0	[0.74224333 0.25775667]
0.0	[0.69002198 0.30997802]
0.0	[0.73795912 0.26204088]
0.0	[0.77575615 0.22424385]
0.0	[0.75095343 0.24904657]
0.0	[0.73819036 0.26180964]
0.0	[0.73509388 0.26490612]
0.0	[0.52353278 0.47646722]
0.0	[0.79370661 0.20629339]
0.0	[0.69853295 0.30146705]
0.0	[0.79670555 0.20329445]
0.0	[0.71679794 0.28320206]
0.0	[0.62590554 0.37409446]
0.0	[0.70926239 0.29073761]
0.0	[0.72130825 0.27869175]
0.0	[0.51836179 0.48163821]
0.0	[0.75341595 0.24658405]
0.0	[0.77523719 0.22476281]
0.0	[0.7925209 0.2074791]
0.0	[0.66182649 0.33817351]
0.0	[0.75348832 0.24651168]
0.0	[0.7922942 0.2077058]
0.0	[0.73998698 0.26001302]
0.0	[0.79422309 0.20577691]
0.0	[0.73912043 0.26087957]
0.0	[0.79502827 0.20497173]
0.0	[0.7921427 0.2078573]
0.0	[0.5505787 0.4494213]
0.0	[0.7670383 0.2329617]
0.0	[0.80050383 0.19949617]
0.0	[0.79910725 0.20089275]
0.0	[0.74773947 0.25226053]
0.0	[0.76965379 0.23034621]
0.0	[0.71592587 0.28407413]
0.0	[0.74406558 0.25593442]
0.0	[0.78955196 0.21044804]
0.0	[0.71619893 0.28380107]
0.0	[0.63961036 0.36038964]
0.0	[0.73910861 0.26089139]
0.0	[0.79213997 0.20786003]
0.0	[0.79848402 0.20151598]
0.0	[0.76839682 0.23160318]
0.0	[0.77333098 0.22666902]
0.0	[0.74876632 0.25123368]
0.0	[0.74375371 0.25624629]
0.0	[0.62738342 0.37261658]
0.0	[0.79453207 0.20546793]
0.0	[0.70876916 0.29123084]
0.0	[0.67171337 0.32828663]
1.0	[0.41314127 0.58685873]
1.0	[0.40536461 0.59463539]
0.0	[0.80034396 0.19965604]
0.0	[0.69077374 0.30922626]
0.0	[0.79278375 0.20721625]
0.0	[0.8016032 0.1983968]
0.0	[0.74875053 0.25124947]
0.0	[0.73997712 0.26002288]
0.0	[0.78884963 0.21115037]
0.0	[0.70978641 0.29021359]
0.0	[0.78326441 0.21673559]
0.0	[0.74601163 0.25398837]
1.0	[0.45820257 0.54179743]
0.0	[0.72090142 0.27909858]
0.0	[0.74097852 0.25902148]
0.0	[0.73929984 0.26070016]
1.0	[0.37427267 0.62572733]
0.0	[0.63484496 0.36515504]
0.0	[0.70442912 0.29557088]
0.0	[0.60642288 0.39357712]
0.0	[0.7375459 0.2624541]
0.0	[0.78222301 0.21777699]
0.0	[0.78221381 0.21778619]
0.0	[0.79775172 0.20224828]
0.0	[0.79164748 0.20835252]
0.0	[0.69889716 0.30110284]
0.0	[0.74624485 0.25375515]
0.0	[0.71854423 0.28145577]
0.0	[0.73920038 0.26079962]
0.0	[0.68822671 0.31177329]
0.0	[0.80135233 0.19864767]
0.0	[0.79437759 0.20562241]
0.0	[0.78887532 0.21112468]
0.0	[0.57432445 0.42567555]
0.0	[0.78660041 0.21339959]
0.0	[0.74191052 0.25808948]
0.0	[0.79199611 0.20800389]
0.0	[0.7543382 0.2456618]
0.0	[0.66849547 0.33150453]
0.0	[0.71453882 0.28546118]
0.0	[0.54224434 0.45775566]
0.0	[0.71726512 0.28273488]
0.0	[0.73485742 0.26514258]
0.0	[0.72941322 0.27058678]
0.0	[0.77851737 0.22148263]
0.0	[0.74247671 0.25752329]
0.0	[0.77685044 0.22314956]
0.0	[0.79019013 0.20980987]
0.0	[0.7446103 0.2553897]
0.0	[0.73447143 0.26552857]
0.0	[0.78671633 0.21328367]
0.0	[0.76067854 0.23932146]
0.0	[0.69779561 0.30220439]
0.0	[0.71712096 0.28287904]
0.0	[0.73304155 0.26695845]
0.0	[0.7452881 0.2547119]
0.0	[0.79820449 0.20179551]
0.0	[0.51699416 0.48300584]
1.0	[0.41943901 0.58056099]
0.0	[0.72988535 0.27011465]
0.0	[0.75430856 0.24569144]
0.0	[0.7440425 0.2559575]
0.0	[0.77258291 0.22741709]
0.0	[0.75149041 0.24850959]
0.0	[0.60153663 0.39846337]
0.0	[0.77449763 0.22550237]
0.0	[0.79626014 0.20373986]
0.0	[0.798251 0.201749]
0.0	[0.74404896 0.25595104]
0.0	[0.7839202 0.2160798]
0.0	[0.69738335 0.30261665]
0.0	[0.62986044 0.37013956]
1.0	[0.36730854 0.63269146]
0.0	[0.69361921 0.30638079]
0.0	[0.78046119 0.21953881]
0.0	[0.71007613 0.28992387]
0.0	[0.75676185 0.24323815]
0.0	[0.57486497 0.42513503]
0.0	[0.62172659 0.37827341]
0.0	[0.73150261 0.26849739]
0.0	[0.78938894 0.21061106]
0.0	[0.51904454 0.48095546]
1.0	[0.40847246 0.59152754]
1.0	[0.49644773 0.50355227]
1.0	[0.44763804 0.55236196]
0.0	[0.50160175 0.49839825]
0.0	[0.67227993 0.32772007]
0.0	[0.59971299 0.40028701]
0.0	[0.71854061 0.28145939]
0.0	[0.62298906 0.37701094]
0.0	[0.65587421 0.34412579]
0.0	[0.69861193 0.30138807]
0.0	[0.62378663 0.37621337]
1.0	[0.4384388 0.5615612]
1.0	[0.43615825 0.56384175]
0.0	[0.53486012 0.46513988]
0.0	[0.57535492 0.42464508]
0.0	[0.51995565 0.48004435]
0.0	[0.65682943 0.34317057]
0.0	[0.63025343 0.36974657]
1.0	[0.43520947 0.56479053]
1.0	[0.45784494 0.54215506]
0.0	[0.70417082 0.29582918]
0.0	[0.78799056 0.21200944]
0.0	[0.69546126 0.30453874]
0.0	[0.79277951 0.20722049]
0.0	[0.78107521 0.21892479]
0.0	[0.69772222 0.30227778]
0.0	[0.79157048 0.20842952]
0.0	[0.71064475 0.28935525]
0.0	[0.79212155 0.20787845]
0.0	[0.70553879 0.29446121]
0.0	[0.79522084 0.20477916]
0.0	[0.72108412 0.27891588]
0.0	[0.80553808 0.19446192]
0.0	[0.77085922 0.22914078]
0.0	[0.78233053 0.21766947]
0.0	[0.74725725 0.25274275]
1.0	[0.41776623 0.58223377]
0.0	[0.71320898 0.28679102]
0.0	[0.6606387 0.3393613]
0.0	[0.77390629 0.22609371]
0.0	[0.74961875 0.25038125]
0.0	[0.75698566 0.24301434]
0.0	[0.7014697 0.2985303]
0.0	[0.74302636 0.25697364]
0.0	[0.63145055 0.36854945]
0.0	[0.79328655 0.20671345]
0.0	[0.62206283 0.37793717]
0.0	[0.75415712 0.24584288]
0.0	[0.78637131 0.21362869]
1.0	[0.45358525 0.54641475]
0.0	[0.76095537 0.23904463]
0.0	[0.72089629 0.27910371]
0.0	[0.68234463 0.31765537]
0.0	[0.51779027 0.48220973]
0.0	[0.7516862 0.2483138]
0.0	[0.7163239 0.2836761]
0.0	[0.64182663 0.35817337]
0.0	[0.56221066 0.43778934]
0.0	[0.74521234 0.25478766]
1.0	[0.49931759 0.50068241]
0.0	[0.70711081 0.29288919]
0.0	[0.74131819 0.25868181]
0.0	[0.78496793 0.21503207]
0.0	[0.79226987 0.20773013]
0.0	[0.7879762 0.2120238]
0.0	[0.7394397 0.2605603]
0.0	[0.80064411 0.19935589]
0.0	[0.76341521 0.23658479]
0.0	[0.77666175 0.22333825]
0.0	[0.70283279 0.29716721]
0.0	[0.78039216 0.21960784]
0.0	[0.80516899 0.19483101]
0.0	[0.7711216 0.2288784]
0.0	[0.68423886 0.31576114]
0.0	[0.5763457 0.4236543]
0.0	[0.54721659 0.45278341]
0.0	[0.73537256 0.26462744]
0.0	[0.78444503 0.21555497]
0.0	[0.78391423 0.21608577]
0.0	[0.7504429 0.2495571]
0.0	[0.7212006 0.2787994]
0.0	[0.67550647 0.32449353]
0.0	[0.78430035 0.21569965]
0.0	[0.79573473 0.20426527]
0.0	[0.74495485 0.25504515]
0.0	[0.78829764 0.21170236]
0.0	[0.74964223 0.25035777]
0.0	[0.71002126 0.28997874]
0.0	[0.76854199 0.23145801]
0.0	[0.72512905 0.27487095]
0.0	[0.77973626 0.22026374]
0.0	[0.80400789 0.19599211]
0.0	[0.72340937 0.27659063]
0.0	[0.78595151 0.21404849]
0.0	[0.76180948 0.23819052]
0.0	[0.79051269 0.20948731]
0.0	[0.54056464 0.45943536]
0.0	[0.68488739 0.31511261]
0.0	[0.75978197 0.24021803]
0.0	[0.56678277 0.43321723]
0.0	[0.71048197 0.28951803]
0.0	[0.7756572 0.2243428]
0.0	[0.79188504 0.20811496]
0.0	[0.74845231 0.25154769]
0.0	[0.71472992 0.28527008]
0.0	[0.74167072 0.25832928]
0.0	[0.65000572 0.34999428]
0.0	[0.75224289 0.24775711]
0.0	[0.77575935 0.22424065]
0.0	[0.79258178 0.20741822]
1.0	[0.32612159 0.67387841]
0.0	[0.70852505 0.29147495]
0.0	[0.72186839 0.27813161]
0.0	[0.73053991 0.26946009]
0.0	[0.80339056 0.19660944]
0.0	[0.75133111 0.24866889]
0.0	[0.69065701 0.30934299]
0.0	[0.79535409 0.20464591]
0.0	[0.78836858 0.21163142]
0.0	[0.76768777 0.23231223]
0.0	[0.80078995 0.19921005]
0.0	[0.80709092 0.19290908]
0.0	[0.79309219 0.20690781]
0.0	[0.7675331 0.2324669]
0.0	[0.7851737 0.2148263]
0.0	[0.74802165 0.25197835]
0.0	[0.78134268 0.21865732]
0.0	[0.79438882 0.20561118]
0.0	[0.71958075 0.28041925]
0.0	[0.72554388 0.27445612]
1.0	[0.48083461 0.51916539]
0.0	[0.78551368 0.21448632]
0.0	[0.66623887 0.33376113]
0.0	[0.77117154 0.22882846]
0.0	[0.77083943 0.22916057]
0.0	[0.62467415 0.37532585]
0.0	[0.50653352 0.49346648]
0.0	[0.80109794 0.19890206]
0.0	[0.74251543 0.25748457]
0.0	[0.72484631 0.27515369]
1.0	[0.49228991 0.50771009]
0.0	[0.74224003 0.25775997]
0.0	[0.7973808 0.2026192]
0.0	[0.57241482 0.42758518]
0.0	[0.66237021 0.33762979]
0.0	[0.75010365 0.24989635]
0.0	[0.75644353 0.24355647]
0.0	[0.78555249 0.21444751]
0.0	[0.72899122 0.27100878]
0.0	[0.74014658 0.25985342]
1.0	[0.35774803 0.64225197]
0.0	[0.73691795 0.26308205]
0.0	[0.78216269 0.21783731]
0.0	[0.79504499 0.20495501]
0.0	[0.74190814 0.25809186]
0.0	[0.7549893 0.2450107]
0.0	[0.76300107 0.23699893]
0.0	[0.53497433 0.46502567]
0.0	[0.5264273 0.4735727]
1.0	[0.34093727 0.65906273]
0.0	[0.75390965 0.24609035]
0.0	[0.77480884 0.22519116]
0.0	[0.75091469 0.24908531]
0.0	[0.77847198 0.22152802]
0.0	[0.73404565 0.26595435]
0.0	[0.69634044 0.30365956]
0.0	[0.74794213 0.25205787]
0.0	[0.5206402 0.4793598]
0.0	[0.74883718 0.25116282]
1.0	[0.49679682 0.50320318]
0.0	[0.50781468 0.49218532]
0.0	[0.6200604 0.3799396]
1.0	[0.48025982 0.51974018]
0.0	[0.68077495 0.31922505]
0.0	[0.56429475 0.43570525]
0.0	[0.687129 0.312871]
0.0	[0.68172435 0.31827565]
0.0	[0.53335122 0.46664878]
0.0	[0.56178499 0.43821501]
0.0	[0.63710153 0.36289847]
1.0	[0.48227987 0.51772013]
1.0	[0.40437995 0.59562005]
0.0	[0.59224582 0.40775418]
0.0	[0.74958805 0.25041195]
0.0	[0.71018728 0.28981272]
0.0	[0.56350159 0.43649841]
0.0	[0.75046562 0.24953438]
0.0	[0.72468942 0.27531058]
0.0	[0.79116624 0.20883376]
1.0	[0.46874681 0.53125319]
0.0	[0.76565856 0.23434144]
0.0	[0.79964284 0.20035716]
0.0	[0.61509502 0.38490498]
0.0	[0.55076683 0.44923317]
0.0	[0.77998088 0.22001912]
0.0	[0.7639669 0.2360331]
0.0	[0.72939616 0.27060384]
0.0	[0.75688661 0.24311339]
0.0	[0.71123513 0.28876487]
0.0	[0.66707807 0.33292193]
0.0	[0.78293792 0.21706208]
0.0	[0.70117032 0.29882968]
0.0	[0.7927714 0.2072286]
0.0	[0.54340554 0.45659446]
0.0	[0.71550303 0.28449697]
0.0	[0.63577417 0.36422583]
0.0	[0.73411683 0.26588317]
0.0	[0.73040402 0.26959598]
0.0	[0.60771765 0.39228235]
0.0	[0.69298283 0.30701717]
1.0	[0.47765748 0.52234252]
0.0	[0.71930158 0.28069842]
0.0	[0.74173749 0.25826251]
0.0	[0.72358491 0.27641509]
0.0	[0.63890815 0.36109185]
1.0	[0.42398752 0.57601248]
0.0	[0.58721247 0.41278753]
0.0	[0.79937281 0.20062719]
0.0	[0.72110273 0.27889727]
0.0	[0.66228375 0.33771625]
1.0	[0.42577497 0.57422503]
0.0	[0.78529564 0.21470436]
0.0	[0.75155578 0.24844422]
0.0	[0.73869825 0.26130175]
1.0	[0.43568145 0.56431855]
0.0	[0.68674188 0.31325812]
1.0	[0.41043984 0.58956016]
0.0	[0.77623677 0.22376323]
1.0	[0.47348775 0.52651225]
0.0	[0.76721752 0.23278248]
0.0	[0.60393449 0.39606551]
0.0	[0.75533678 0.24466322]
0.0	[0.76684543 0.23315457]
0.0	[0.7260318 0.2739682]
0.0	[0.80781705 0.19218295]
0.0	[0.7996358 0.2003642]
0.0	[0.80023872 0.19976128]
0.0	[0.7395792 0.2604208]
1.0	[0.48060719 0.51939281]
0.0	[0.79106909 0.20893091]
0.0	[0.74737993 0.25262007]
0.0	[0.72763585 0.27236415]
0.0	[0.75971135 0.24028865]
0.0	[0.77556975 0.22443025]
0.0	[0.73673595 0.26326405]
0.0	[0.78470897 0.21529103]
0.0	[0.72310317 0.27689683]
0.0	[0.80026295 0.19973705]
0.0	[0.6821681 0.3178319]
1.0	[0.45366479 0.54633521]
0.0	[0.72455422 0.27544578]
0.0	[0.56304722 0.43695278]
0.0	[0.79297453 0.20702547]
0.0	[0.70982113 0.29017887]
0.0	[0.78979736 0.21020264]
0.0	[0.72438443 0.27561557]
0.0	[0.69314696 0.30685304]
0.0	[0.7745317 0.2254683]
0.0	[0.5084332 0.4915668]
0.0	[0.7765525 0.2234475]
0.0	[0.70908516 0.29091484]
0.0	[0.6750113 0.3249887]
0.0	[0.70219311 0.29780689]
0.0	[0.78607857 0.21392143]
0.0	[0.75386585 0.24613415]
0.0	[0.7391719 0.2608281]
0.0	[0.78897504 0.21102496]
0.0	[0.71467097 0.28532903]
0.0	[0.79235657 0.20764343]
0.0	[0.78090145 0.21909855]
1.0	[0.49881165 0.50118835]
0.0	[0.7300878 0.2699122]
1.0	[0.40840024 0.59159976]
0.0	[0.5050451 0.4949549]
1.0	[0.48293443 0.51706557]
0.0	[0.55748225 0.44251775]
0.0	[0.74287697 0.25712303]
0.0	[0.790992 0.209008]
0.0	[0.72866125 0.27133875]
0.0	[0.74708172 0.25291828]
0.0	[0.72461153 0.27538847]
0.0	[0.79517644 0.20482356]
0.0	[0.80225439 0.19774561]
0.0	[0.72311061 0.27688939]
0.0	[0.71372794 0.28627206]
0.0	[0.77435893 0.22564107]
0.0	[0.71943433 0.28056567]
0.0	[0.53087343 0.46912657]
0.0	[0.75673211 0.24326789]
0.0	[0.66013743 0.33986257]
0.0	[0.51265764 0.48734236]
0.0	[0.7564448 0.2435552]
0.0	[0.75711602 0.24288398]
0.0	[0.70341563 0.29658437]
0.0	[0.70365098 0.29634902]
0.0	[0.74256007 0.25743993]
0.0	[0.76094561 0.23905439]
1.0	[0.49502444 0.50497556]
0.0	[0.75826793 0.24173207]
0.0	[0.74721628 0.25278372]
0.0	[0.7334371 0.2665629]
0.0	[0.57772533 0.42227467]
0.0	[0.78878052 0.21121948]
0.0	[0.79785703 0.20214297]
0.0	[0.78071981 0.21928019]
0.0	[0.76823137 0.23176863]
0.0	[0.76216889 0.23783111]
0.0	[0.7087765 0.2912235]
0.0	[0.76687224 0.23312776]
0.0	[0.70166633 0.29833367]
0.0	[0.711619 0.288381]
0.0	[0.78520674 0.21479326]
0.0	[0.70294588 0.29705412]
0.0	[0.72294886 0.27705114]
1.0	[0.41482069 0.58517931]
0.0	[0.77141667 0.22858333]
0.0	[0.72495997 0.27504003]
0.0	[0.78775378 0.21224622]
0.0	[0.75723802 0.24276198]
0.0	[0.7862463 0.2137537]
0.0	[0.73119872 0.26880128]
0.0	[0.59335084 0.40664916]
0.0	[0.79665138 0.20334862]
0.0	[0.79664134 0.20335866]
0.0	[0.75456932 0.24543068]
0.0	[0.70839799 0.29160201]
0.0	[0.78378969 0.21621031]
0.0	[0.74535039 0.25464961]
0.0	[0.79769713 0.20230287]
0.0	[0.74352742 0.25647258]
0.0	[0.71652985 0.28347015]
0.0	[0.79358237 0.20641763]
0.0	[0.76640471 0.23359529]
1.0	[0.47880037 0.52119963]
0.0	[0.73604506 0.26395494]
1.0	[0.49651014 0.50348986]
0.0	[0.57676409 0.42323591]
0.0	[0.73035928 0.26964072]
0.0	[0.79031722 0.20968278]
0.0	[0.79005479 0.20994521]
0.0	[0.70587021 0.29412979]
0.0	[0.75241665 0.24758335]
0.0	[0.74952577 0.25047423]
0.0	[0.75431569 0.24568431]
0.0	[0.78710425 0.21289575]
0.0	[0.79824682 0.20175318]
0.0	[0.57816917 0.42183083]
0.0	[0.59820278 0.40179722]
1.0	[0.40814011 0.59185989]
1.0	[0.43086368 0.56913632]
0.0	[0.53405344 0.46594656]
0.0	[0.77457428 0.22542572]
0.0	[0.78939877 0.21060123]
0.0	[0.74753458 0.25246542]
0.0	[0.79676504 0.20323496]
0.0	[0.74542649 0.25457351]
0.0	[0.76421701 0.23578299]
1.0	[0.35912402 0.64087598]
0.0	[0.73532129 0.26467871]
0.0	[0.78992402 0.21007598]
0.0	[0.79629657 0.20370343]
0.0	[0.75459354 0.24540646]
0.0	[0.75092352 0.24907648]
0.0	[0.73731474 0.26268526]
0.0	[0.5281925 0.4718075]
0.0	[0.80057369 0.19942631]
0.0	[0.77794886 0.22205114]
0.0	[0.79286846 0.20713154]
0.0	[0.74866759 0.25133241]
0.0	[0.7086072 0.2913928]
0.0	[0.79673374 0.20326626]
0.0	[0.72606284 0.27393716]
0.0	[0.7300486 0.2699514]
0.0	[0.74629701 0.25370299]
0.0	[0.79566696 0.20433304]
0.0	[0.7859231 0.2140769]
0.0	[0.72100626 0.27899374]
0.0	[0.75647823 0.24352177]
0.0	[0.79596888 0.20403112]
0.0	[0.5925057 0.4074943]
0.0	[0.75194079 0.24805921]
0.0	[0.79372913 0.20627087]
0.0	[0.71411552 0.28588448]
0.0	[0.80132391 0.19867609]
0.0	[0.67830673 0.32169327]
0.0	[0.66216851 0.33783149]
0.0	[0.57247399 0.42752601]
0.0	[0.80250306 0.19749694]
0.0	[0.77507364 0.22492636]
0.0	[0.75266408 0.24733592]
0.0	[0.7099022 0.2900978]
0.0	[0.75010564 0.24989436]
0.0	[0.50557235 0.49442765]
0.0	[0.72910481 0.27089519]
0.0	[0.75967583 0.24032417]
0.0	[0.7628541 0.2371459]
0.0	[0.75358025 0.24641975]
0.0	[0.65650285 0.34349715]
0.0	[0.55850903 0.44149097]
0.0	[0.75329818 0.24670182]
0.0	[0.79863486 0.20136514]
0.0	[0.77970042 0.22029958]
0.0	[0.75069397 0.24930603]
0.0	[0.73562007 0.26437993]
1.0	[0.36724426 0.63275574]
0.0	[0.75119514 0.24880486]
0.0	[0.58450162 0.41549838]
0.0	[0.50263072 0.49736928]
1.0	[0.49394204 0.50605796]
0.0	[0.5743918 0.4256082]
0.0	[0.52765714 0.47234286]
0.0	[0.62631052 0.37368948]
1.0	[0.42784073 0.57215927]
0.0	[0.50029073 0.49970927]
1.0	[0.49635219 0.50364781]
1.0	[0.42995105 0.57004895]
0.0	[0.69715873 0.30284127]
0.0	[0.70556653 0.29443347]
0.0	[0.70893556 0.29106444]
0.0	[0.6498565 0.3501435]
0.0	[0.69293698 0.30706302]
0.0	[0.61374433 0.38625567]
0.0	[0.64186697 0.35813303]
0.0	[0.64224918 0.35775082]
0.0	[0.6317958 0.3682042]
0.0	[0.64408322 0.35591678]
1.0	[0.43996743 0.56003257]
0.0	[0.50054431 0.49945569]
1.0	[0.43327159 0.56672841]
1.0	[0.46781078 0.53218922]
0.0	[0.5620888 0.4379112]
1.0	[0.40147864 0.59852136]
1.0	[0.41246222 0.58753778]
1.0	[0.48900859 0.51099141]
0.0	[0.59779243 0.40220757]
1.0	[0.47891442 0.52108558]
0.0	[0.70993269 0.29006731]
0.0	[0.74972433 0.25027567]
0.0	[0.76108729 0.23891271]
0.0	[0.74576232 0.25423768]
0.0	[0.75361182 0.24638818]
0.0	[0.78978336 0.21021664]
0.0	[0.79923768 0.20076232]
0.0	[0.67307093 0.32692907]
0.0	[0.74505339 0.25494661]
0.0	[0.79402347 0.20597653]
0.0	[0.77813873 0.22186127]
0.0	[0.73581189 0.26418811]
0.0	[0.79403286 0.20596714]
0.0	[0.75882034 0.24117966]
0.0	[0.75731006 0.24268994]
0.0	[0.7500033 0.2499967]
0.0	[0.75389156 0.24610844]
0.0	[0.79595448 0.20404552]
0.0	[0.79115342 0.20884658]
0.0	[0.72827223 0.27172777]
0.0	[0.79564751 0.20435249]
0.0	[0.79582173 0.20417827]
0.0	[0.53222568 0.46777432]
0.0	[0.54630358 0.45369642]
0.0	[0.76007974 0.23992026]
0.0	[0.79549131 0.20450869]
0.0	[0.7231677 0.2768323]
0.0	[0.74691816 0.25308184]
0.0	[0.75556996 0.24443004]
1.0	[0.48558968 0.51441032]
0.0	[0.71794821 0.28205179]
0.0	[0.76375747 0.23624253]
0.0	[0.79895726 0.20104274]
0.0	[0.75402901 0.24597099]
0.0	[0.69693829 0.30306171]
0.0	[0.75293329 0.24706671]
0.0	[0.69621204 0.30378796]
0.0	[0.74955053 0.25044947]
0.0	[0.80615197 0.19384803]
0.0	[0.61294494 0.38705506]
0.0	[0.75769224 0.24230776]
0.0	[0.74583673 0.25416327]
0.0	[0.72727852 0.27272148]
0.0	[0.72725044 0.27274956]
0.0	[0.73524706 0.26475294]
0.0	[0.76693476 0.23306524]
0.0	[0.78848494 0.21151506]
0.0	[0.76801057 0.23198943]
0.0	[0.73987746 0.26012254]
0.0	[0.75971564 0.24028436]
0.0	[0.78261001 0.21738999]
0.0	[0.78184876 0.21815124]
0.0	[0.76351501 0.23648499]
0.0	[0.77893654 0.22106346]
0.0	[0.70143077 0.29856923]
0.0	[0.80226216 0.19773784]
0.0	[0.78400251 0.21599749]
0.0	[0.79547079 0.20452921]
0.0	[0.70229608 0.29770392]
1.0	[0.42547731 0.57452269]
0.0	[0.75305656 0.24694344]
0.0	[0.77353981 0.22646019]
0.0	[0.52156934 0.47843066]
0.0	[0.80455653 0.19544347]
0.0	[0.70387273 0.29612727]
0.0	[0.73956294 0.26043706]
0.0	[0.73335119 0.26664881]
0.0	[0.70625115 0.29374885]
0.0	[0.77923076 0.22076924]
0.0	[0.70305825 0.29694175]
0.0	[0.71601691 0.28398309]
0.0	[0.77534993 0.22465007]
0.0	[0.79723111 0.20276889]
0.0	[0.76641902 0.23358098]
1.0	[0.4832029 0.5167971]
0.0	[0.64022861 0.35977139]
0.0	[0.72598275 0.27401725]
0.0	[0.69763252 0.30236748]
0.0	[0.80078783 0.19921217]
0.0	[0.78955627 0.21044373]
0.0	[0.73725749 0.26274251]
0.0	[0.8008853 0.1991147]
0.0	[0.61682409 0.38317591]
0.0	[0.70192781 0.29807219]
0.0	[0.69242585 0.30757415]
1.0	[0.49115654 0.50884346]
0.0	[0.7932682 0.2067318]
0.0	[0.759704 0.240296]
0.0	[0.75858222 0.24141778]
0.0	[0.75493961 0.24506039]
0.0	[0.72998674 0.27001326]
0.0	[0.74547592 0.25452408]
0.0	[0.52955376 0.47044624]
0.0	[0.71510975 0.28489025]
0.0	[0.75502645 0.24497355]
0.0	[0.72754052 0.27245948]
0.0	[0.70922069 0.29077931]
0.0	[0.79765707 0.20234293]
0.0	[0.79659285 0.20340715]
0.0	[0.80087694 0.19912306]
1.0	[0.448626 0.551374]
0.0	[0.74227856 0.25772144]
0.0	[0.74898574 0.25101426]
0.0	[0.72600965 0.27399035]
0.0	[0.58475617 0.41524383]
0.0	[0.50476087 0.49523913]
0.0	[0.78823554 0.21176446]
0.0	[0.77457609 0.22542391]
0.0	[0.7404255 0.2595745]
0.0	[0.79687444 0.20312556]
0.0	[0.76675877 0.23324123]
0.0	[0.80138857 0.19861143]
0.0	[0.77596025 0.22403975]
0.0	[0.75247351 0.24752649]
0.0	[0.75483546 0.24516454]
0.0	[0.70766866 0.29233134]
0.0	[0.66468811 0.33531189]
0.0	[0.71980117 0.28019883]
0.0	[0.66629922 0.33370078]
1.0	[0.41209761 0.58790239]
0.0	[0.58815694 0.41184306]
0.0	[0.7330468 0.2669532]
0.0	[0.75684665 0.24315335]
0.0	[0.65511746 0.34488254]
0.0	[0.77952174 0.22047826]
0.0	[0.7966959 0.2033041]
0.0	[0.75387197 0.24612803]
0.0	[0.79961059 0.20038941]
0.0	[0.75283 0.24717]
0.0	[0.6628478 0.3371522]
1.0	[0.42447361 0.57552639]
0.0	[0.74023734 0.25976266]
0.0	[0.74384224 0.25615776]
0.0	[0.74121251 0.25878749]
0.0	[0.79946424 0.20053576]
0.0	[0.69104281 0.30895719]
0.0	[0.74058154 0.25941846]
0.0	[0.76890513 0.23109487]
0.0	[0.74161534 0.25838466]
1.0	[0.40552696 0.59447304]
0.0	[0.58091856 0.41908144]
0.0	[0.63117334 0.36882666]
0.0	[0.7177006 0.2822994]
0.0	[0.72771419 0.27228581]
0.0	[0.75686301 0.24313699]
0.0	[0.79726022 0.20273978]
0.0	[0.77807871 0.22192129]
0.0	[0.74462182 0.25537818]
1.0	[0.41938144 0.58061856]
1.0	[0.44904141 0.55095859]
0.0	[0.79378306 0.20621694]
0.0	[0.75003896 0.24996104]
0.0	[0.78033275 0.21966725]
0.0	[0.79226415 0.20773585]
0.0	[0.75008564 0.24991436]
0.0	[0.80032818 0.19967182]
0.0	[0.73146158 0.26853842]
0.0	[0.76297313 0.23702687]
0.0	[0.74706409 0.25293591]
0.0	[0.74326601 0.25673399]
0.0	[0.78835479 0.21164521]
0.0	[0.69405889 0.30594111]
0.0	[0.69327388 0.30672612]
0.0	[0.69900576 0.30099424]
0.0	[0.57367625 0.42632375]
0.0	[0.750414 0.249586]
0.0	[0.70817366 0.29182634]
0.0	[0.71153914 0.28846086]
0.0	[0.79121536 0.20878464]
0.0	[0.71170533 0.28829467]
0.0	[0.77924983 0.22075017]
0.0	[0.80004582 0.19995418]
0.0	[0.74176615 0.25823385]
0.0	[0.7480833 0.2519167]
0.0	[0.78582771 0.21417229]
0.0	[0.66232116 0.33767884]
0.0	[0.79693457 0.20306543]
0.0	[0.78951582 0.21048418]
0.0	[0.78810852 0.21189148]
0.0	[0.79673674 0.20326326]
0.0	[0.7554808 0.2445192]
0.0	[0.74737154 0.25262846]
0.0	[0.74432987 0.25567013]
0.0	[0.72111693 0.27888307]
1.0	[0.42036116 0.57963884]
0.0	[0.7160934 0.2839066]
0.0	[0.75534128 0.24465872]
0.0	[0.67600709 0.32399291]
0.0	[0.7353062 0.2646938]
0.0	[0.80077339 0.19922661]
0.0	[0.71953009 0.28046991]
0.0	[0.73001443 0.26998557]
0.0	[0.71991453 0.28008547]
0.0	[0.78027276 0.21972724]
0.0	[0.74560753 0.25439247]
0.0	[0.59639377 0.40360623]
0.0	[0.7450853 0.2549147]
0.0	[0.71063598 0.28936402]
0.0	[0.7478174 0.2521826]
0.0	[0.50796887 0.49203113]
0.0	[0.63336559 0.36663441]
0.0	[0.74511084 0.25488916]
0.0	[0.73362377 0.26637623]
0.0	[0.73240604 0.26759396]
0.0	[0.75735985 0.24264015]
0.0	[0.73096465 0.26903535]
0.0	[0.74917136 0.25082864]
0.0	[0.75281228 0.24718772]
0.0	[0.79241053 0.20758947]
0.0	[0.75175428 0.24824572]
0.0	[0.78754523 0.21245477]
0.0	[0.78922212 0.21077788]
0.0	[0.7529321 0.2470679]
0.0	[0.7206015 0.2793985]
0.0	[0.78570596 0.21429404]
0.0	[0.73411402 0.26588598]
0.0	[0.80182291 0.19817709]
0.0	[0.80723376 0.19276624]
0.0	[0.75821909 0.24178091]
0.0	[0.71836657 0.28163343]
0.0	[0.80275277 0.19724723]
0.0	[0.7510996 0.2489004]
0.0	[0.73373661 0.26626339]
0.0	[0.73953432 0.26046568]
0.0	[0.70597156 0.29402844]
0.0	[0.78892862 0.21107138]
0.0	[0.52916736 0.47083264]
0.0	[0.71936167 0.28063833]
0.0	[0.7601952 0.2398048]
0.0	[0.80491028 0.19508972]
0.0	[0.74104682 0.25895318]
0.0	[0.6877696 0.3122304]
0.0	[0.74975146 0.25024854]
0.0	[0.70937405 0.29062595]
0.0	[0.68253207 0.31746793]
0.0	[0.6980694 0.3019306]
0.0	[0.67184114 0.32815886]
1.0	[0.47354521 0.52645479]
0.0	[0.78254633 0.21745367]
0.0	[0.53430184 0.46569816]
0.0	[0.69852474 0.30147526]
0.0	[0.7577219 0.2422781]
0.0	[0.74282273 0.25717727]
1.0	[0.36795942 0.63204058]
0.0	[0.72373028 0.27626972]
0.0	[0.71776765 0.28223235]
1.0	[0.49018107 0.50981893]
0.0	[0.78584241 0.21415759]
0.0	[0.80197585 0.19802415]
1.0	[0.41117982 0.58882018]
0.0	[0.76138623 0.23861377]
0.0	[0.73988044 0.26011956]
0.0	[0.71835513 0.28164487]
0.0	[0.73831023 0.26168977]
0.0	[0.75406688 0.24593312]
0.0	[0.72462775 0.27537225]
0.0	[0.78333136 0.21666864]
0.0	[0.77876506 0.22123494]
0.0	[0.75752888 0.24247112]
0.0	[0.80561038 0.19438962]
0.0	[0.80187411 0.19812589]
0.0	[0.75508496 0.24491504]
0.0	[0.80146154 0.19853846]
0.0	[0.7802429 0.2197571]
0.0	[0.72463484 0.27536516]
0.0	[0.77504999 0.22495001]
0.0	[0.75948458 0.24051542]
0.0	[0.74474048 0.25525952]
0.0	[0.72024884 0.27975116]
0.0	[0.71869331 0.28130669]
0.0	[0.75975567 0.24024433]
0.0	[0.75717776 0.24282224]
0.0	[0.79359378 0.20640622]
0.0	[0.73141754 0.26858246]
0.0	[0.75214801 0.24785199]
0.0	[0.70590151 0.29409849]
0.0	[0.79453058 0.20546942]
0.0	[0.73489298 0.26510702]
0.0	[0.64039499 0.35960501]
0.0	[0.71684495 0.28315505]
0.0	[0.79968256 0.20031744]
0.0	[0.75035994 0.24964006]
0.0	[0.79407961 0.20592039]
0.0	[0.73730908 0.26269092]
0.0	[0.79307884 0.20692116]
1.0	[0.41757501 0.58242499]
0.0	[0.78875326 0.21124674]
0.0	[0.75065152 0.24934848]
0.0	[0.74794344 0.25205656]
0.0	[0.75744868 0.24255132]
0.0	[0.79960443 0.20039557]
0.0	[0.59218958 0.40781042]
0.0	[0.75428285 0.24571715]
0.0	[0.5139685 0.4860315]
0.0	[0.70982353 0.29017647]
0.0	[0.73623642 0.26376358]
0.0	[0.72740953 0.27259047]
0.0	[0.80066157 0.19933843]
0.0	[0.73077468 0.26922532]
0.0	[0.75946048 0.24053952]
0.0	[0.7443075 0.2556925]
0.0	[0.53750097 0.46249903]
0.0	[0.60042431 0.39957569]
0.0	[0.51462963 0.48537037]
0.0	[0.68330999 0.31669001]
0.0	[0.7323913 0.2676087]
0.0	[0.64324589 0.35675411]
0.0	[0.54213362 0.45786638]
0.0	[0.70828254 0.29171746]
0.0	[0.79609322 0.20390678]
0.0	[0.58500904 0.41499096]
0.0	[0.58543419 0.41456581]
0.0	[0.71303876 0.28696124]
0.0	[0.54056013 0.45943987]
0.0	[0.80795822 0.19204178]
0.0	[0.7388144 0.2611856]
0.0	[0.65092357 0.34907643]
0.0	[0.72668894 0.27331106]
0.0	[0.79800578 0.20199422]
0.0	[0.71918754 0.28081246]
0.0	[0.61402928 0.38597072]
0.0	[0.7131305 0.2868695]
0.0	[0.52848312 0.47151688]
0.0	[0.7732941 0.2267059]
0.0	[0.70434989 0.29565011]
0.0	[0.80075461 0.19924539]
0.0	[0.7260273 0.2739727]
0.0	[0.78589305 0.21410695]
0.0	[0.73084214 0.26915786]
0.0	[0.74113644 0.25886356]
0.0	[0.7910139 0.2089861]
0.0	[0.78783402 0.21216598]
0.0	[0.77096938 0.22903062]
1.0	[0.42117943 0.57882057]
0.0	[0.80204502 0.19795498]
0.0	[0.79430782 0.20569218]
0.0	[0.70299067 0.29700933]
0.0	[0.78405527 0.21594473]
0.0	[0.51109515 0.48890485]
0.0	[0.59783297 0.40216703]
0.0	[0.7176761 0.2823239]
0.0	[0.70362149 0.29637851]
0.0	[0.65455874 0.34544126]
0.0	[0.66999805 0.33000195]
0.0	[0.6412018 0.3587982]
0.0	[0.72561129 0.27438871]
0.0	[0.65679184 0.34320816]
0.0	[0.7764338 0.2235662]
0.0	[0.71703156 0.28296844]
0.0	[0.74366225 0.25633775]
0.0	[0.69342278 0.30657722]
0.0	[0.55122193 0.44877807]
1.0	[0.39968654 0.60031346]
1.0	[0.46321704 0.53678296]
0.0	[0.53568055 0.46431945]
1.0	[0.40403326 0.59596674]
1.0	[0.42034377 0.57965623]
0.0	[0.51756634 0.48243366]
0.0	[0.78469461 0.21530539]
0.0	[0.73722462 0.26277538]
0.0	[0.74818277 0.25181723]
0.0	[0.74749831 0.25250169]
0.0	[0.60655097 0.39344903]
0.0	[0.69527606 0.30472394]
0.0	[0.76181588 0.23818412]
0.0	[0.7474591 0.2525409]
0.0	[0.7187135 0.2812865]
0.0	[0.74479125 0.25520875]
0.0	[0.76550842 0.23449158]
0.0	[0.76036036 0.23963964]
0.0	[0.7380824 0.2619176]
0.0	[0.78664814 0.21335186]
0.0	[0.79675828 0.20324172]
0.0	[0.67885362 0.32114638]
0.0	[0.79765798 0.20234202]
0.0	[0.70672 0.29328]
0.0	[0.69616169 0.30383831]
0.0	[0.73380102 0.26619898]
0.0	[0.78725378 0.21274622]
0.0	[0.75057653 0.24942347]
0.0	[0.72632626 0.27367374]
0.0	[0.72703736 0.27296264]
0.0	[0.7742291 0.2257709]
0.0	[0.72964034 0.27035966]
0.0	[0.7068034 0.2931966]
0.0	[0.78626416 0.21373584]
0.0	[0.59103226 0.40896774]
0.0	[0.75214695 0.24785305]
0.0	[0.77861326 0.22138674]
0.0	[0.69428462 0.30571538]
0.0	[0.7412382 0.2587618]
0.0	[0.71582363 0.28417637]
1.0	[0.37246092 0.62753908]
0.0	[0.75713317 0.24286683]
0.0	[0.74927136 0.25072864]
0.0	[0.77944489 0.22055511]
0.0	[0.77910342 0.22089658]
0.0	[0.74444975 0.25555025]
0.0	[0.75921542 0.24078458]
0.0	[0.53774962 0.46225038]
0.0	[0.70813218 0.29186782]
0.0	[0.77587008 0.22412992]
0.0	[0.712893 0.287107]
0.0	[0.74060262 0.25939738]
0.0	[0.77528029 0.22471971]
0.0	[0.78165192 0.21834808]
0.0	[0.77897837 0.22102163]
0.0	[0.76530565 0.23469435]
0.0	[0.7464876 0.2535124]
0.0	[0.73200824 0.26799176]
0.0	[0.751533 0.248467]
0.0	[0.73835811 0.26164189]
0.0	[0.73273475 0.26726525]
0.0	[0.50995398 0.49004602]
0.0	[0.72813626 0.27186374]
0.0	[0.74650061 0.25349939]
0.0	[0.75862707 0.24137293]
0.0	[0.79277889 0.20722111]
0.0	[0.77163224 0.22836776]
0.0	[0.5704687 0.4295313]
0.0	[0.64267896 0.35732104]
0.0	[0.72919421 0.27080579]
0.0	[0.64579349 0.35420651]
0.0	[0.64635775 0.35364225]
1.0	[0.49796152 0.50203848]
0.0	[0.71017655 0.28982345]
0.0	[0.79519418 0.20480582]
0.0	[0.79735418 0.20264582]
0.0	[0.71881671 0.28118329]
0.0	[0.75708079 0.24291921]
0.0	[0.71642927 0.28357073]
0.0	[0.79328132 0.20671868]
0.0	[0.76782958 0.23217042]
0.0	[0.6616961 0.3383039]
1.0	[0.42638462 0.57361538]
0.0	[0.71462489 0.28537511]
0.0	[0.78482328 0.21517672]
0.0	[0.71373856 0.28626144]
0.0	[0.74011545 0.25988455]
0.0	[0.78494994 0.21505006]
0.0	[0.79760571 0.20239429]
0.0	[0.71587416 0.28412584]
0.0	[0.79954898 0.20045102]
0.0	[0.69177829 0.30822171]
0.0	[0.71443874 0.28556126]
0.0	[0.79793054 0.20206946]
0.0	[0.75040854 0.24959146]
0.0	[0.7639292 0.2360708]
0.0	[0.50805823 0.49194177]
0.0	[0.79014913 0.20985087]
0.0	[0.80337448 0.19662552]
0.0	[0.79003392 0.20996608]
0.0	[0.74676003 0.25323997]
0.0	[0.80604305 0.19395695]
0.0	[0.70656752 0.29343248]
0.0	[0.75056304 0.24943696]
0.0	[0.75642447 0.24357553]
0.0	[0.77765004 0.22234996]
0.0	[0.74642204 0.25357796]
0.0	[0.76041099 0.23958901]
0.0	[0.67663463 0.32336537]
0.0	[0.68018212 0.31981788]
0.0	[0.78004173 0.21995827]
0.0	[0.74303012 0.25696988]
0.0	[0.72085209 0.27914791]
0.0	[0.75420671 0.24579329]
0.0	[0.72994059 0.27005941]
0.0	[0.7897357 0.2102643]
0.0	[0.739929 0.260071]
0.0	[0.78184195 0.21815805]
0.0	[0.73999828 0.26000172]
0.0	[0.72857411 0.27142589]
0.0	[0.79684341 0.20315659]
0.0	[0.79353517 0.20646483]
0.0	[0.70465574 0.29534426]
0.0	[0.79246683 0.20753317]
0.0	[0.71713975 0.28286025]
0.0	[0.57065709 0.42934291]
0.0	[0.74749692 0.25250308]
1.0	[0.43060436 0.56939564]
0.0	[0.74268243 0.25731757]
0.0	[0.77979573 0.22020427]
0.0	[0.72369546 0.27630454]
0.0	[0.73424801 0.26575199]
0.0	[0.79061435 0.20938565]
0.0	[0.67859818 0.32140182]
0.0	[0.77600543 0.22399457]
0.0	[0.62404902 0.37595098]
0.0	[0.65646667 0.34353333]
0.0	[0.74187573 0.25812427]
0.0	[0.79707425 0.20292575]
0.0	[0.71048995 0.28951005]
0.0	[0.71427278 0.28572722]
0.0	[0.7861437 0.2138563]
0.0	[0.7431762 0.2568238]
0.0	[0.78747813 0.21252187]
0.0	[0.79604883 0.20395117]
0.0	[0.78781478 0.21218522]
0.0	[0.69892617 0.30107383]
0.0	[0.66890249 0.33109751]
0.0	[0.75683356 0.24316644]
0.0	[0.75402228 0.24597772]
0.0	[0.78193426 0.21806574]
0.0	[0.80001956 0.19998044]
0.0	[0.78205888 0.21794112]
0.0	[0.79236852 0.20763148]
0.0	[0.69056097 0.30943903]
0.0	[0.79262192 0.20737808]
0.0	[0.67420693 0.32579307]
0.0	[0.79720957 0.20279043]
0.0	[0.68507648 0.31492352]
0.0	[0.59445695 0.40554305]
0.0	[0.72492906 0.27507094]
0.0	[0.77160708 0.22839292]
0.0	[0.78970397 0.21029603]
0.0	[0.7903167 0.2096833]
0.0	[0.78540095 0.21459905]
0.0	[0.78838718 0.21161282]
1.0	[0.41054546 0.58945454]
1.0	[0.48736867 0.51263133]
0.0	[0.7042981 0.2957019]
0.0	[0.75283363 0.24716637]
0.0	[0.74901287 0.25098713]
0.0	[0.79633718 0.20366282]
0.0	[0.78816219 0.21183781]
0.0	[0.71954272 0.28045728]
0.0	[0.77864218 0.22135782]
0.0	[0.79465495 0.20534505]
0.0	[0.79466413 0.20533587]
0.0	[0.69250152 0.30749848]
0.0	[0.71721759 0.28278241]
0.0	[0.7384265 0.2615735]
0.0	[0.78633077 0.21366923]
0.0	[0.80129457 0.19870543]
0.0	[0.79307065 0.20692935]
0.0	[0.80615722 0.19384278]
0.0	[0.79806649 0.20193351]
0.0	[0.71800133 0.28199867]
1.0	[0.43759303 0.56240697]
0.0	[0.73440844 0.26559156]
0.0	[0.79010087 0.20989913]
0.0	[0.74128313 0.25871687]
0.0	[0.75843975 0.24156025]
0.0	[0.75514712 0.24485288]
0.0	[0.75222854 0.24777146]
0.0	[0.811069 0.188931]
0.0	[0.79588765 0.20411235]
0.0	[0.75021599 0.24978401]
0.0	[0.79647588 0.20352412]
0.0	[0.72059822 0.27940178]
1.0	[0.4376953 0.5623047]
0.0	[0.79456943 0.20543057]
0.0	[0.76054591 0.23945409]
1.0	[0.46446245 0.53553755]
0.0	[0.74583989 0.25416011]
0.0	[0.78909047 0.21090953]
0.0	[0.75334476 0.24665524]
0.0	[0.79349262 0.20650738]
0.0	[0.79581489 0.20418511]
0.0	[0.79440179 0.20559821]
0.0	[0.79380417 0.20619583]
0.0	[0.74965301 0.25034699]
0.0	[0.78865206 0.21134794]
0.0	[0.7584756 0.2415244]
0.0	[0.68967633 0.31032367]
0.0	[0.79486538 0.20513462]
0.0	[0.76318073 0.23681927]
0.0	[0.74840257 0.25159743]
0.0	[0.67630846 0.32369154]
0.0	[0.72592766 0.27407234]
0.0	[0.71083163 0.28916837]
0.0	[0.70829513 0.29170487]
0.0	[0.75076483 0.24923517]
0.0	[0.77711212 0.22288788]
0.0	[0.79265857 0.20734143]
0.0	[0.72231541 0.27768459]
0.0	[0.79592519 0.20407481]
0.0	[0.70537033 0.29462967]
0.0	[0.70863752 0.29136248]
0.0	[0.79826743 0.20173257]
0.0	[0.79445534 0.20554466]
0.0	[0.72849393 0.27150607]
0.0	[0.74944828 0.25055172]
0.0	[0.68475281 0.31524719]
0.0	[0.74432825 0.25567175]
0.0	[0.74521343 0.25478657]
1.0	[0.45301345 0.54698655]
0.0	[0.78138922 0.21861078]
0.0	[0.74003063 0.25996937]
0.0	[0.7764539 0.2235461]
0.0	[0.79122965 0.20877035]
0.0	[0.70501583 0.29498417]
1.0	[0.48770752 0.51229248]
0.0	[0.77956323 0.22043677]
0.0	[0.78820658 0.21179342]
0.0	[0.73703238 0.26296762]
0.0	[0.75476315 0.24523685]
0.0	[0.78482292 0.21517708]
0.0	[0.57063155 0.42936845]
0.0	[0.72806615 0.27193385]
0.0	[0.79046163 0.20953837]
0.0	[0.74467661 0.25532339]
0.0	[0.78961722 0.21038278]
0.0	[0.62962392 0.37037608]
0.0	[0.56636547 0.43363453]
0.0	[0.52771403 0.47228597]
0.0	[0.76483633 0.23516367]
0.0	[0.74439596 0.25560404]
0.0	[0.74200514 0.25799486]
0.0	[0.78981352 0.21018648]
0.0	[0.50416287 0.49583713]
0.0	[0.75117809 0.24882191]
0.0	[0.75237854 0.24762146]
0.0	[0.79224554 0.20775446]
0.0	[0.74170435 0.25829565]
0.0	[0.78137492 0.21862508]
0.0	[0.75696109 0.24303891]
0.0	[0.79544244 0.20455756]
0.0	[0.75627128 0.24372872]
0.0	[0.74518806 0.25481194]
0.0	[0.6717338 0.3282662]
1.0	[0.47799884 0.52200116]
0.0	[0.62300691 0.37699309]
1.0	[0.41458576 0.58541424]
0.0	[0.77366038 0.22633962]
0.0	[0.78063011 0.21936989]
0.0	[0.79373094 0.20626906]
0.0	[0.7208779 0.2791221]
0.0	[0.7466905 0.2533095]
0.0	[0.79005641 0.20994359]
0.0	[0.80106404 0.19893596]
0.0	[0.79650594 0.20349406]
0.0	[0.71039892 0.28960108]
0.0	[0.74721272 0.25278728]
0.0	[0.7712744 0.2287256]
0.0	[0.70717273 0.29282727]
0.0	[0.80442891 0.19557109]
0.0	[0.77111675 0.22888325]
0.0	[0.7305908 0.2694092]
0.0	[0.80104763 0.19895237]
0.0	[0.72954211 0.27045789]
1.0	[0.44622954 0.55377046]
0.0	[0.72350947 0.27649053]
0.0	[0.73190082 0.26809918]
0.0	[0.75891213 0.24108787]
1.0	[0.41583984 0.58416016]
0.0	[0.78062625 0.21937375]
0.0	[0.70602901 0.29397099]
0.0	[0.63106849 0.36893151]
0.0	[0.6312142 0.3687858]
0.0	[0.67430801 0.32569199]
0.0	[0.7170757 0.2829243]
0.0	[0.70183884 0.29816116]
0.0	[0.7072072 0.2927928]
0.0	[0.73422907 0.26577093]
0.0	[0.55366758 0.44633242]
0.0	[0.55164324 0.44835676]
0.0	[0.59915136 0.40084864]
1.0	[0.44984689 0.55015311]
1.0	[0.43745887 0.56254113]
0.0	[0.57673576 0.42326424]
1.0	[0.45269396 0.54730604]
0.0	[0.58274438 0.41725562]
1.0	[0.46624225 0.53375775]
1.0	[0.44732469 0.55267531]
0.0	[0.60480679 0.39519321]
1.0	[0.4698231 0.5301769]
0.0	[0.69324979 0.30675021]
1.0	[0.3988904 0.6011096]
1.0	[0.42663394 0.57336606]
1.0	[0.49003515 0.50996485]
0.0	[0.75109793 0.24890207]
0.0	[0.79679476 0.20320524]
0.0	[0.75161269 0.24838731]
0.0	[0.7814811 0.2185189]
0.0	[0.78129285 0.21870715]
0.0	[0.74079706 0.25920294]
0.0	[0.74107183 0.25892817]
0.0	[0.80437546 0.19562454]
0.0	[0.70582595 0.29417405]
0.0	[0.77176765 0.22823235]
0.0	[0.77333751 0.22666249]
0.0	[0.77401377 0.22598623]
0.0	[0.79586115 0.20413885]
0.0	[0.79219755 0.20780245]
0.0	[0.78850175 0.21149825]
0.0	[0.78623274 0.21376726]
0.0	[0.79649736 0.20350264]
0.0	[0.77410054 0.22589946]
0.0	[0.78579428 0.21420572]
0.0	[0.74292522 0.25707478]
0.0	[0.72493916 0.27506084]
0.0	[0.76441253 0.23558747]
1.0	[0.44657902 0.55342098]
0.0	[0.79990651 0.20009349]
0.0	[0.7400351 0.2599649]
0.0	[0.79342139 0.20657861]
0.0	[0.79612721 0.20387279]
0.0	[0.69283766 0.30716234]
0.0	[0.7547159 0.2452841]
0.0	[0.75639108 0.24360892]
0.0	[0.77486953 0.22513047]
0.0	[0.78551773 0.21448227]
0.0	[0.78372573 0.21627427]
0.0	[0.75528529 0.24471471]
0.0	[0.78135667 0.21864333]
0.0	[0.75619706 0.24380294]
0.0	[0.60629522 0.39370478]
0.0	[0.53465999 0.46534001]
0.0	[0.721889 0.278111]
0.0	[0.78052476 0.21947524]
0.0	[0.76759265 0.23240735]
0.0	[0.78638521 0.21361479]
0.0	[0.7814897 0.2185103]
0.0	[0.76211511 0.23788489]
0.0	[0.79917837 0.20082163]
0.0	[0.79266803 0.20733197]
0.0	[0.76047872 0.23952128]
0.0	[0.80082093 0.19917907]
0.0	[0.75488708 0.24511292]
0.0	[0.75924398 0.24075602]
0.0	[0.72651333 0.27348667]
0.0	[0.65734244 0.34265756]
0.0	[0.78347193 0.21652807]
0.0	[0.74403638 0.25596362]
0.0	[0.79338775 0.20661225]
1.0	[0.42216446 0.57783554]
0.0	[0.78433891 0.21566109]
0.0	[0.66764052 0.33235948]
0.0	[0.8010126 0.1989874]
0.0	[0.65151978 0.34848022]
0.0	[0.76023659 0.23976341]
0.0	[0.79464682 0.20535318]
0.0	[0.71095121 0.28904879]
0.0	[0.7701264 0.2298736]
0.0	[0.76001773 0.23998227]
0.0	[0.77655047 0.22344953]
0.0	[0.71718405 0.28281595]
0.0	[0.72410609 0.27589391]
0.0	[0.74756706 0.25243294]
0.0	[0.75413313 0.24586687]
0.0	[0.75573216 0.24426784]
0.0	[0.7622811 0.2377189]
0.0	[0.7149034 0.2850966]
0.0	[0.72186645 0.27813355]
0.0	[0.75905436 0.24094564]
0.0	[0.59549432 0.40450568]
0.0	[0.60627271 0.39372729]
0.0	[0.79884608 0.20115392]
0.0	[0.71467297 0.28532703]
0.0	[0.78792434 0.21207566]
0.0	[0.73454981 0.26545019]
0.0	[0.77722322 0.22277678]
0.0	[0.74665595 0.25334405]
0.0	[0.53863691 0.46136309]
0.0	[0.71614528 0.28385472]
0.0	[0.75439218 0.24560782]
0.0	[0.72591739 0.27408261]
0.0	[0.50146587 0.49853413]
0.0	[0.72855072 0.27144928]
0.0	[0.78219938 0.21780062]
0.0	[0.76973161 0.23026839]
0.0	[0.79151103 0.20848897]
0.0	[0.74098754 0.25901246]
0.0	[0.77549224 0.22450776]
0.0	[0.78716956 0.21283044]
0.0	[0.6399899 0.3600101]
0.0	[0.79623764 0.20376236]
0.0	[0.75075127 0.24924873]
0.0	[0.73549391 0.26450609]
0.0	[0.72349656 0.27650344]
0.0	[0.7998581 0.2001419]
0.0	[0.75159222 0.24840778]
0.0	[0.51384275 0.48615725]
0.0	[0.75422674 0.24577326]
1.0	[0.4989327 0.5010673]
0.0	[0.77682898 0.22317102]
0.0	[0.7870877 0.2129123]
0.0	[0.79989988 0.20010012]
0.0	[0.73188778 0.26811222]
0.0	[0.79197309 0.20802691]
0.0	[0.76866311 0.23133689]
0.0	[0.79819806 0.20180194]
0.0	[0.52072079 0.47927921]
1.0	[0.49797065 0.50202935]
1.0	[0.45321381 0.54678619]
0.0	[0.64017887 0.35982113]
0.0	[0.72180535 0.27819465]
0.0	[0.78483194 0.21516806]
0.0	[0.71135643 0.28864357]
0.0	[0.80454247 0.19545753]
0.0	[0.7970792 0.2029208]
0.0	[0.77507885 0.22492115]
1.0	[0.34863186 0.65136814]
0.0	[0.68675409 0.31324591]
0.0	[0.7595691 0.2404309]
0.0	[0.80117758 0.19882242]
0.0	[0.75408525 0.24591475]
0.0	[0.63430912 0.36569088]
1.0	[0.40780379 0.59219621]
0.0	[0.62788333 0.37211667]
0.0	[0.75316728 0.24683272]
0.0	[0.68531504 0.31468496]
0.0	[0.77742368 0.22257632]
0.0	[0.71428233 0.28571767]
0.0	[0.79259282 0.20740718]
0.0	[0.78404395 0.21595605]
0.0	[0.5596659 0.4403341]
0.0	[0.7075644 0.2924356]
0.0	[0.66652908 0.33347092]
0.0	[0.73217273 0.26782727]
0.0	[0.62162679 0.37837321]
0.0	[0.78787517 0.21212483]
0.0	[0.72003427 0.27996573]
0.0	[0.72547542 0.27452458]
0.0	[0.70985244 0.29014756]
0.0	[0.78899327 0.21100673]
0.0	[0.77825313 0.22174687]
0.0	[0.78917837 0.21082163]
0.0	[0.78605819 0.21394181]
0.0	[0.62782496 0.37217504]
0.0	[0.72355029 0.27644971]
0.0	[0.74550048 0.25449952]
0.0	[0.66673305 0.33326695]
0.0	[0.72519637 0.27480363]
0.0	[0.79507584 0.20492416]
0.0	[0.73362383 0.26637617]
0.0	[0.61679992 0.38320008]
1.0	[0.41440338 0.58559662]
0.0	[0.75249814 0.24750186]
0.0	[0.61051658 0.38948342]
0.0	[0.71534886 0.28465114]
0.0	[0.74915716 0.25084284]
0.0	[0.74041425 0.25958575]
0.0	[0.74836078 0.25163922]
0.0	[0.71870863 0.28129137]
0.0	[0.78758671 0.21241329]
0.0	[0.78353705 0.21646295]
0.0	[0.75576945 0.24423055]
0.0	[0.79720259 0.20279741]
0.0	[0.79483068 0.20516932]
0.0	[0.60271376 0.39728624]
0.0	[0.78488744 0.21511256]
0.0	[0.77262205 0.22737795]
0.0	[0.52179204 0.47820796]
0.0	[0.80842433 0.19157567]
1.0	[0.45838401 0.54161599]
0.0	[0.72303659 0.27696341]
0.0	[0.74204162 0.25795838]
0.0	[0.78984588 0.21015412]
1.0	[0.47305265 0.52694735]
0.0	[0.75147937 0.24852063]
0.0	[0.79692214 0.20307786]
0.0	[0.72813167 0.27186833]
0.0	[0.74840162 0.25159838]
0.0	[0.78907535 0.21092465]
0.0	[0.5118395 0.4881605]
1.0	[0.44458803 0.55541197]
0.0	[0.8015521 0.1984479]
0.0	[0.7325748 0.2674252]
0.0	[0.7613625 0.2386375]
0.0	[0.78837892 0.21162108]
0.0	[0.76344756 0.23655244]
0.0	[0.79004319 0.20995681]
0.0	[0.80667316 0.19332684]
0.0	[0.79067522 0.20932478]
0.0	[0.79728434 0.20271566]
0.0	[0.76519984 0.23480016]
0.0	[0.74622181 0.25377819]
0.0	[0.78645303 0.21354697]
0.0	[0.77986884 0.22013116]
0.0	[0.80121495 0.19878505]
1.0	[0.40177996 0.59822004]
0.0	[0.72603776 0.27396224]
0.0	[0.75234414 0.24765586]
0.0	[0.78387275 0.21612725]
1.0	[0.43654068 0.56345932]
0.0	[0.78559996 0.21440004]
0.0	[0.72365715 0.27634285]
0.0	[0.75159091 0.24840909]
0.0	[0.74720487 0.25279513]
0.0	[0.72739828 0.27260172]
0.0	[0.80675064 0.19324936]
0.0	[0.75343969 0.24656031]
0.0	[0.69155282 0.30844718]
0.0	[0.74121826 0.25878174]
0.0	[0.73976632 0.26023368]
0.0	[0.75186856 0.24813144]
0.0	[0.74960065 0.25039935]
0.0	[0.7544214 0.2455786]
0.0	[0.75405379 0.24594621]
0.0	[0.75343377 0.24656623]
0.0	[0.7784948 0.2215052]
0.0	[0.73499994 0.26500006]
0.0	[0.74576303 0.25423697]
0.0	[0.74807019 0.25192981]
0.0	[0.70766759 0.29233241]
0.0	[0.80051265 0.19948735]
0.0	[0.78954083 0.21045917]
0.0	[0.77281598 0.22718402]
0.0	[0.79388667 0.20611333]
0.0	[0.79838367 0.20161633]
0.0	[0.72399444 0.27600556]
0.0	[0.74476173 0.25523827]
0.0	[0.74484989 0.25515011]
0.0	[0.69137188 0.30862812]
0.0	[0.80125844 0.19874156]
0.0	[0.79783553 0.20216447]
0.0	[0.78712606 0.21287394]
0.0	[0.79375073 0.20624927]
0.0	[0.73945783 0.26054217]
0.0	[0.80589652 0.19410348]
1.0	[0.43547545 0.56452455]
0.0	[0.58259672 0.41740328]
0.0	[0.53504575 0.46495425]
0.0	[0.51674731 0.48325269]
0.0	[0.78987005 0.21012995]
0.0	[0.74306508 0.25693492]
0.0	[0.78830939 0.21169061]
0.0	[0.77507071 0.22492929]
1.0	[0.40977784 0.59022216]
0.0	[0.70357504 0.29642496]
0.0	[0.75429773 0.24570227]
0.0	[0.65487963 0.34512037]
1.0	[0.48288195 0.51711805]
1.0	[0.4623209 0.5376791]
0.0	[0.78792436 0.21207564]
0.0	[0.7901602 0.2098398]
0.0	[0.71068126 0.28931874]
0.0	[0.69931531 0.30068469]
0.0	[0.74476833 0.25523167]
0.0	[0.73171184 0.26828816]
1.0	[0.46847996 0.53152004]
0.0	[0.79590031 0.20409969]
0.0	[0.79574059 0.20425941]
0.0	[0.75146141 0.24853859]
0.0	[0.7965917 0.2034083]
0.0	[0.79187248 0.20812752]
0.0	[0.66321388 0.33678612]
0.0	[0.72780102 0.27219898]
0.0	[0.72219586 0.27780414]
0.0	[0.69827504 0.30172496]
0.0	[0.80284499 0.19715501]
0.0	[0.75376461 0.24623539]
0.0	[0.7618724 0.2381276]
0.0	[0.75869039 0.24130961]
0.0	[0.79076576 0.20923424]
0.0	[0.79215822 0.20784178]
0.0	[0.78864536 0.21135464]
0.0	[0.79385522 0.20614478]
0.0	[0.79652598 0.20347402]
0.0	[0.79056484 0.20943516]
0.0	[0.75939187 0.24060813]
1.0	[0.40424075 0.59575925]
1.0	[0.24069597 0.75930403]
0.0	[0.79508017 0.20491983]
0.0	[0.75740107 0.24259893]
0.0	[0.80066155 0.19933845]
0.0	[0.7874898 0.2125102]
0.0	[0.7871146 0.2128854]
0.0	[0.74465568 0.25534432]
0.0	[0.74283291 0.25716709]
0.0	[0.80106781 0.19893219]
0.0	[0.67670388 0.32329612]
1.0	[0.40906504 0.59093496]
0.0	[0.7554433 0.2445567]
1.0	[0.40733733 0.59266267]
0.0	[0.70015337 0.29984663]
0.0	[0.64279183 0.35720817]
0.0	[0.52913801 0.47086199]
0.0	[0.62363762 0.37636238]
0.0	[0.79522042 0.20477958]
0.0	[0.74571207 0.25428793]
0.0	[0.7804518 0.2195482]
0.0	[0.73720043 0.26279957]
0.0	[0.7946644 0.2053356]
0.0	[0.73697008 0.26302992]
0.0	[0.74253108 0.25746892]
0.0	[0.72101992 0.27898008]
0.0	[0.74193946 0.25806054]
0.0	[0.71720664 0.28279336]
0.0	[0.74557029 0.25442971]
1.0	[0.49581173 0.50418827]
0.0	[0.59135404 0.40864596]
0.0	[0.62452256 0.37547744]
0.0	[0.76375021 0.23624979]
0.0	[0.73130297 0.26869703]
0.0	[0.71721141 0.28278859]
1.0	[0.40545887 0.59454113]
0.0	[0.73536293 0.26463707]
0.0	[0.77671371 0.22328629]
0.0	[0.67816266 0.32183734]
0.0	[0.79082841 0.20917159]
0.0	[0.78931158 0.21068842]
0.0	[0.79595283 0.20404717]
0.0	[0.78915773 0.21084227]
1.0	[0.44778547 0.55221453]
0.0	[0.66100286 0.33899714]
0.0	[0.79415552 0.20584448]
0.0	[0.78530791 0.21469209]
0.0	[0.74828491 0.25171509]
0.0	[0.77605597 0.22394403]
0.0	[0.7932014 0.2067986]
0.0	[0.66421814 0.33578186]
0.0	[0.79557615 0.20442385]
